idpedido;cliente;idempleado;idempresa;importe;pais;iva;total
10248;WILMK;5;3;32,38;Finlandia;6,8;39,18
10249;TOMSP;6;1;11,61;Alemania;2,44;14,049999999999999
10250;HANAR;4;2;65,83;Brasil;13,82;79,65
10251;VICTE;3;1;41,34;Francia;8,68;50,02
10252;SUPRD;4;2;51,3;Belgica;10,77;62,06999999999999
10253;HANAR;3;2;58,17;Brasil;12,22;70,39
10254;CHOPS;5;2;22,98;Suiza;4,83;27,810000000000002
10255;RICSU;9;3;148,33;Suiza;31,15;179,48000000000002
10256;WELLI;3;2;13,97;Brasil;2,93;16,900000000000002
10257;HILAA;4;3;81,91;Venezuela;17,2;99,11
10258;ERNSH;1;1;140,51;Austria;29,51;170,01999999999998
10259;CENTC;4;3;3,25;Mexico;0,68;3,93
10260;OTTIK;4;1;55,09;Alemania;11,57;66,66
10261;QUEDE;4;2;3,05;Brasil;0,64;3,69
10262;RATTC;8;3;48,29;Estados Unidos;10,14;58,43
10263;ERNSH;9;3;146,06;Austria;30,67;176,73000000000002
10264;FOLKO;6;3;3,67;Suecia;0,77;4,4399999999999995
10265;BLONP;2;1;55,28;Francia;11,61;66,89
10266;WARTH;3;3;25,73;Finlandia;5,4;31,130000000000003
10267;FRANK;4;1;208,58;Alemania;43,8;252,38
10268;GROSR;8;3;66,29;Venezuela;13,92;80,21000000000001
10269;WHITC;5;1;4,56;Estados Unidos;0,96;5,52
10270;WARTH;1;1;136,54;Finlandia;28,67;165,20999999999998
10271;SPLIR;6;2;4,54;Estados Unidos;0,95;5,49
10272;RATTC;6;2;98,03;Estados Unidos;20,59;118,62
10273;QUICK;3;3;76,07;Alemania;15,97;92,03999999999999
10274;VINET;6;1;6,01;Francia;1,26;7,27
10275;MAGAA;1;1;26,93;Italia;5,66;32,59
10276;TORTU;8;3;13,84;Mexico;2,91;16,75
10277;MORGK;2;3;125,77;Alemania;26,41;152,18
10278;BERGS;8;2;92,69;Suecia;19,46;112,15
10279;LEHMS;8;2;25,83;Alemania;5,42;31,25
10280;BERGS;2;1;8,98;Suecia;1,89;10,870000000000001
10281;ROMEY;4;1;2,94;Espanya;0,62;3,56
10282;ROMEY;4;1;12,69;Espanya;2,66;15,35
10283;LILAS;3;3;84,81;Venezuela;17,81;102,62
10284;LEHMS;4;1;76,56;Alemania;16,08;92,64
10285;QUICK;1;2;76,83;Alemania;16,13;92,96
10286;QUICK;8;3;229,24;Alemania;48,14;277,38
10287;RICAR;8;3;12,76;Brasil;2,68;15,44
10288;REGGC;4;1;7,45;Italia;1,56;9,01
10289;BSBEV;7;3;22,77;Reino Unido;4,78;27,55
10290;COMMI;8;1;79,7;Brasil;16,74;96,44
10291;QUEDE;6;2;6,4;Brasil;1,34;7,74
10292;TRADH;1;2;1,35;Brasil;0,28;1,6300000000000001
10293;TORTU;1;3;21,18;Mexico;4,45;25,63
10294;RATTC;4;2;147,26;Estados Unidos;30,92;178,18
10295;VINET;2;2;1,15;Francia;0,24;1,39
10296;LILAS;6;1;0,12;Venezuela;0,03;0,15
10297;BLONP;5;2;5,74;Francia;1,21;6,95
10298;HUNGO;6;2;168,22;Irlanda;35,33;203,55
10299;RICAR;4;2;29,76;Brasil;6,25;36,010000000000005
10300;MAGAA;2;2;17,68;Italia;3,71;21,39
10301;WANDK;8;2;45,08;Alemania;9,47;54,55
10302;SUPRD;4;2;6,27;Belgica;1,32;7,59
10303;GODOS;7;2;107,83;Espanya;22,64;130,47
10304;TORTU;1;2;63,79;Mexico;13,4;77,19
10305;OLDWO;8;3;257,62;Estados Unidos;54,1;311,72
10306;ROMEY;1;3;7,56;Espanya;1,59;9,15
10307;LONEP;2;2;0,56;Estados Unidos;0,12;0,68
10308;ANATR;7;3;1,61;Mexico;0,34;1,9500000000000002
10309;HUNGO;3;1;47,3;Irlanda;9,93;57,23
10310;THEBI;8;2;17,52;Estados Unidos;3,68;21,2
10311;DUMON;1;3;24,69;Francia;5,18;29,87
10312;WANDK;2;2;40,26;Alemania;8,45;48,709999999999994
10313;QUICK;2;2;1,96;Alemania;0,41;2,37
10314;RATTC;1;2;74,16;Estados Unidos;15,57;89,72999999999999
10315;ISLAT;4;2;41,76;Reino Unido;8,77;50,53
10316;RATTC;1;3;150,15;Estados Unidos;31,53;181,68
10317;LONEP;6;1;12,69;Estados Unidos;2,66;15,35
10318;ISLAT;8;2;4,73;Reino Unido;0,99;5,720000000000001
10319;TORTU;7;3;64,5;Mexico;13,54;78,03999999999999
10320;WARTH;5;3;34,57;Finlandia;7,26;41,83
10321;ISLAT;3;2;3,43;Reino Unido;0,72;4,15
10322;PERIC;7;3;0,4;Mexico;0,08;0,48000000000000004
10323;KOENE;4;1;4,88;Alemania;1,02;5,9
10324;SAVEA;9;1;214,27;Estados Unidos;45,0;259,27
10325;KOENE;1;3;64,86;Alemania;13,62;78,48
10326;BOLID;4;2;77,92;Espanya;16,36;94,28
10327;FOLKO;2;1;63,36;Suecia;13,31;76,67
10328;FURIB;4;3;87,03;Portugal;18,28;105,31
10329;SPLIR;4;2;191,67;Estados Unidos;40,25;231,92
10330;LILAS;3;1;12,75;Venezuela;2,68;15,43
10331;BONAP;9;1;10,19;Francia;2,14;12,33
10332;MEREP;3;2;52,84;Canada;11,1;63,940000000000005
10333;WARTH;5;3;0,59;Finlandia;0,12;0,71
10334;VICTE;8;2;8,56;Francia;1,8;10,360000000000001
10335;HUNGO;7;2;42,11;Irlanda;8,84;50,95
10336;PRINI;7;2;15,51;Portugal;3,26;18,77
10337;FRANK;4;3;108,26;Alemania;22,73;130,99
10338;OLDWO;4;3;84,21;Estados Unidos;17,68;101,88999999999999
10339;MEREP;2;2;15,66;Canada;3,29;18,95
10340;BONAP;1;3;166,31;Francia;34,93;201,24
10341;SIMOB;7;3;26,78;Dinamarca;5,62;32,4
10342;FRANK;4;2;54,83;Alemania;11,51;66,34
10343;LEHMS;4;1;110,37;Alemania;23,18;133,55
10344;WHITC;4;2;23,29;Estados Unidos;4,89;28,18
10345;QUICK;2;2;249,06;Alemania;52,3;301,36
10346;RATTC;3;3;142,08;Estados Unidos;29,84;171,92000000000002
10347;FAMIA;4;3;3,1;Brasil;0,65;3,75
10348;WANDK;4;2;0,78;Alemania;0,16;0,9400000000000001
10349;SPLIR;7;1;8,63;Estados Unidos;1,81;10,440000000000001
10350;LAMAI;6;2;64,19;Francia;13,48;77,67
10351;ERNSH;1;1;162,33;Austria;34,09;196,42000000000002
10352;FURIB;3;3;1,3;Portugal;0,27;1,57
10353;PICCO;7;3;360,63;Austria;75,73;436,36
10354;PERIC;8;3;53,8;Mexico;11,3;65,1
10355;AROUT;6;1;41,95;Reino Unido;8,81;50,760000000000005
10356;WANDK;6;2;36,71;Alemania;7,71;44,42
10357;LILAS;1;3;34,88;Venezuela;7,32;42,2
10358;LAMAI;5;1;19,64;Francia;4,12;23,76
10359;SEVES;5;3;288,43;Reino Unido;60,57;349,0
10360;BLONP;4;3;131,7;Francia;27,66;159,35999999999999
10361;QUICK;1;2;183,17;Alemania;38,47;221,64
10362;BONAP;3;1;96,04;Francia;20,17;116,21000000000001
10363;DRACD;4;3;30,54;Alemania;6,41;36,95
10364;EASTC;1;1;71,97;Reino Unido;15,11;87,08
10365;ANTON;3;2;22,0;Mexico;4,62;26,62
10366;GALED;8;2;10,14;Espanya;2,13;12,27
10367;VAFFE;7;3;13,55;Dinamarca;2,85;16,400000000000002
10368;ERNSH;2;2;101,95;Austria;21,41;123,36
10369;SPLIR;8;2;195,68;Estados Unidos;41,09;236,77
10370;CHOPS;6;2;1,17;Suiza;0,25;1,42
10371;LAMAI;1;1;0,45;Francia;0,09;0,54
10372;QUEEN;5;2;890,78;Brasil;187,06;1077,84
10373;HUNGO;4;3;124,12;Irlanda;26,07;150,19
10374;WOLZA;1;3;3,94;Polonia;0,83;4,77
10375;HUNGC;3;2;20,12;Estados Unidos;4,23;24,35
10376;MEREP;1;2;20,39;Canada;4,28;24,67
10377;SEVES;1;3;22,21;Reino Unido;4,66;26,87
10378;FOLKO;5;3;5,44;Suecia;1,14;6,58
10379;QUEDE;2;1;45,03;Brasil;9,46;54,49
10380;HUNGO;8;3;35,03;Irlanda;7,36;42,39
10381;LILAS;3;3;7,99;Venezuela;1,68;9,67
10382;ERNSH;4;1;94,77;Austria;19,9;114,66999999999999
10383;AROUT;8;3;34,24;Reino Unido;7,19;41,43
10384;BERGS;3;3;168,64;Suecia;35,41;204,04999999999998
10385;SPLIR;1;2;30,96;Estados Unidos;6,5;37,46
10386;FAMIA;9;3;13,99;Brasil;2,94;16,93
10387;SANTG;1;2;93,63;Noruega;19,66;113,28999999999999
10388;SEVES;2;1;34,86;Reino Unido;7,32;42,18
10389;BOTTM;4;2;47,42;Canada;9,96;57,38
10390;ERNSH;6;1;126,38;Austria;26,54;152,92
10391;DRACD;3;3;5,45;Alemania;1,14;6,59
10392;PICCO;2;3;122,46;Austria;25,72;148,18
10393;SAVEA;1;3;126,56;Estados Unidos;26,58;153,14
10394;HUNGC;1;3;30,34;Estados Unidos;6,37;36,71
10395;HILAA;6;1;184,41;Venezuela;38,73;223,14
10396;FRANK;1;3;135,35;Alemania;28,42;163,76999999999998
10397;PRINI;5;1;60,26;Portugal;12,65;72,91
10398;SAVEA;2;3;89,16;Estados Unidos;18,72;107,88
10399;VAFFE;8;3;27,36;Dinamarca;5,75;33,11
10400;EASTC;1;3;83,93;Reino Unido;17,63;101,56
10401;RATTC;1;1;12,51;Estados Unidos;2,63;15,14
10402;ERNSH;8;2;67,88;Austria;14,25;82,13
10403;ERNSH;4;3;73,79;Austria;15,5;89,29
10404;MAGAA;2;1;155,97;Italia;32,75;188,72
10405;LINOD;1;1;34,82;Venezuela;7,31;42,13
10406;QUEEN;7;1;108,04;Brasil;22,69;130,73000000000002
10407;OTTIK;2;2;91,48;Alemania;19,21;110,69
10408;FOLIG;8;1;11,26;Francia;2,36;13,62
10409;OCEAN;3;1;29,83;Argentina;6,26;36,089999999999996
10410;BOTTM;3;3;2,4;Canada;0,5;2,9
10411;BOTTM;9;3;23,65;Canada;4,97;28,619999999999997
10412;WARTH;8;2;3,77;Finlandia;0,79;4,5600000000000005
10413;LAMAI;3;2;95,66;Francia;20,09;115,75
10414;FAMIA;2;3;21,48;Brasil;4,51;25,990000000000002
10415;HUNGC;3;1;0,2;Estados Unidos;0,04;0,24000000000000002
10416;WARTH;8;3;22,72;Finlandia;4,77;27,49
10417;SIMOB;4;3;70,29;Dinamarca;14,76;85,05000000000001
10418;QUICK;4;1;17,55;Alemania;3,69;21,240000000000002
10419;RICSU;4;2;137,35;Suiza;28,84;166,19
10420;WELLI;3;1;44,12;Brasil;9,27;53,39
10421;QUEDE;8;1;99,23;Brasil;20,84;120,07000000000001
10422;FRANS;2;1;3,02;Italia;0,63;3,65
10423;GOURL;6;3;24,5;Brasil;5,14;29,64
10424;MEREP;7;2;370,61;Canada;77,83;448,44
10425;LAMAI;6;2;7,93;Francia;1,67;9,6
10426;GALED;4;1;18,69;Espanya;3,92;22,61
10427;PICCO;4;2;31,29;Austria;6,57;37,86
10428;REGGC;7;1;11,09;Italia;2,33;13,42
10429;HUNGO;3;2;56,63;Irlanda;11,89;68,52000000000001
10430;ERNSH;4;1;458,78;Austria;96,34;555,12
10431;BOTTM;4;2;44,17;Canada;9,28;53,45
10432;SPLIR;3;2;4,34;Estados Unidos;0,91;5,25
10433;PRINI;3;3;73,83;Portugal;15,5;89,33
10434;FOLKO;3;2;17,92;Suecia;3,76;21,68
10435;CONSH;8;2;9,21;Reino Unido;1,93;11,14
10436;BLONP;3;2;156,66;Francia;32,9;189,56
10437;WARTH;8;1;19,97;Finlandia;4,19;24,16
10438;TOMSP;3;2;8,24;Alemania;1,73;9,97
10439;MEREP;6;3;4,07;Canada;0,85;4,92
10440;SAVEA;4;2;86,53;Estados Unidos;18,17;104,7
10441;OLDWO;3;2;73,02;Estados Unidos;15,33;88,35
10442;ERNSH;3;2;47,94;Austria;10,07;58,01
10443;REGGC;8;1;13,95;Italia;2,93;16,88
10444;BERGS;3;3;3,5;Suecia;0,74;4,24
10445;BERGS;3;1;9,3;Suecia;1,95;11,25
10446;TOMSP;6;1;14,68;Alemania;3,08;17,759999999999998
10447;RICAR;4;2;68,66;Brasil;14,42;83,08
10448;RANCH;4;2;38,82;Argentina;8,15;46,97
10449;BLONP;3;2;53,3;Francia;11,19;64,49
10450;VICTE;8;2;7,23;Francia;1,52;8,75
10451;QUICK;4;3;189,09;Alemania;39,71;228,8
10452;SAVEA;8;1;140,26;Estados Unidos;29,45;169,70999999999998
10453;AROUT;1;2;25,36;Reino Unido;5,33;30,689999999999998
10454;LAMAI;4;3;2,74;Francia;0,58;3,3200000000000003
10455;WARTH;8;2;180,45;Finlandia;37,89;218,33999999999997
10456;KOENE;8;2;8,12;Alemania;1,71;9,829999999999998
10457;KOENE;2;1;11,57;Alemania;2,43;14,0
10458;SUPRD;7;3;147,06;Belgica;30,88;177,94
10459;VICTE;4;2;25,09;Francia;5,27;30,36
10460;FOLKO;8;1;16,27;Suecia;3,42;19,689999999999998
10461;LILAS;1;3;148,61;Venezuela;31,21;179,82000000000002
10462;CONSH;2;1;6,17;Reino Unido;1,3;7,47
10463;SUPRD;5;3;14,78;Belgica;3,1;17,88
10464;FURIB;4;2;89,0;Portugal;18,69;107,69
10465;VAFFE;1;3;145,04;Dinamarca;30,46;175,5
10466;COMMI;4;1;11,93;Brasil;2,51;14,44
10467;MAGAA;8;2;4,93;Italia;1,04;5,97
10468;KOENE;3;3;44,12;Alemania;9,27;53,39
10469;WHITC;1;1;60,18;Estados Unidos;12,64;72,82
10470;BONAP;4;2;64,56;Francia;13,56;78,12
10471;BSBEV;2;3;45,59;Reino Unido;9,57;55,160000000000004
10472;SEVES;8;1;4,2;Reino Unido;0,88;5,08
10473;ISLAT;1;3;16,37;Reino Unido;3,44;19,810000000000002
10474;PERIC;5;2;83,49;Mexico;17,53;101,02
10475;SUPRD;9;1;68,52;Belgica;14,39;82,91
10476;HILAA;8;3;4,41;Venezuela;0,93;5,34
10477;PRINI;5;2;13,02;Portugal;2,73;15,75
10478;VICTE;2;3;4,81;Francia;1,01;5,819999999999999
10479;RATTC;3;3;708,95;Estados Unidos;148,88;857,83
10480;FOLIG;6;2;1,35;Francia;0,28;1,6300000000000001
10481;RICAR;8;2;64,33;Brasil;13,51;77,84
10482;LAZYK;1;3;7,48;Estados Unidos;1,57;9,05
10483;WHITC;7;2;15,28;Estados Unidos;3,21;18,49
10484;BSBEV;3;3;6,88;Reino Unido;1,44;8,32
10485;LINOD;4;2;64,45;Venezuela;13,53;77,98
10486;HILAA;1;2;30,53;Venezuela;6,41;36,94
10487;QUEEN;2;2;71,07;Brasil;14,92;85,99
10488;FRANK;8;2;4,93;Alemania;1,04;5,97
10489;PICCO;6;2;5,29;Austria;1,11;6,4
10490;HILAA;7;2;210,19;Venezuela;44,14;254,32999999999998
10491;FURIB;8;3;16,96;Portugal;3,56;20,52
10492;BOTTM;3;1;62,89;Canada;13,21;76,1
10493;LAMAI;4;3;10,64;Francia;2,23;12,870000000000001
10494;COMMI;4;2;65,99;Brasil;13,86;79,85
10495;LAUGB;3;3;4,65;Canada;0,98;5,630000000000001
10496;TRADH;7;2;46,77;Brasil;9,82;56,59
10497;LEHMS;7;1;36,21;Alemania;7,6;43,81
10498;HILAA;8;2;29,75;Venezuela;6,25;36,0
10499;LILAS;4;2;102,02;Venezuela;21,42;123,44
10500;LAMAI;6;1;42,68;Francia;8,96;51,64
10501;BLAUS;9;3;8,85;Alemania;1,86;10,709999999999999
10502;PERIC;2;1;69,32;Mexico;14,56;83,88
10503;HUNGO;6;2;16,74;Irlanda;3,52;20,259999999999998
10504;WHITC;4;3;59,13;Estados Unidos;12,42;71,55
10505;MEREP;3;3;7,13;Canada;1,5;8,629999999999999
10506;KOENE;9;2;21,19;Alemania;4,45;25,64
10507;ANTON;7;1;47,45;Mexico;9,96;57,410000000000004
10508;OTTIK;1;2;4,99;Alemania;1,05;6,04
10509;BLAUS;4;1;0,15;Alemania;0,03;0,18
10510;SAVEA;6;3;367,63;Estados Unidos;77,2;444,83
10511;BONAP;4;3;350,64;Francia;73,63;424,27
10512;FAMIA;7;2;3,53;Brasil;0,74;4,27
10513;WANDK;7;1;105,65;Alemania;22,19;127,84
10514;ERNSH;3;2;789,95;Austria;165,89;955,84
10515;QUICK;2;1;204,47;Alemania;42,94;247,41
10516;HUNGO;2;3;62,78;Irlanda;13,18;75,96000000000001
10517;NORTS;3;3;32,07;Reino Unido;6,73;38,8
10518;TORTU;4;2;218,15;Mexico;45,81;263,96000000000004
10519;CHOPS;6;3;91,76;Suiza;19,27;111,03
10520;SANTG;7;1;13,37;Noruega;2,81;16,18
10521;CACTU;8;2;17,22;Argentina;3,62;20,84
10522;LEHMS;4;1;45,33;Alemania;9,52;54,849999999999994
10523;SEVES;7;2;77,63;Reino Unido;16,3;93,92999999999999
10524;BERGS;1;2;244,79;Suecia;51,41;296,2
10525;BONAP;1;2;11,06;Francia;2,32;13,38
10526;WARTH;4;2;58,59;Finlandia;12,3;70,89
10527;QUICK;7;1;41,9;Alemania;8,8;50,7
10528;GREAL;6;2;3,35;Estados Unidos;0,7;4,05
10529;MAISD;5;2;66,69;Belgica;14,0;80,69
10530;PICCO;3;2;339,22;Austria;71,24;410,46000000000004
10531;OCEAN;7;1;8,12;Argentina;1,71;9,829999999999998
10532;EASTC;7;3;74,46;Reino Unido;15,64;90,1
10533;FOLKO;8;1;188,04;Suecia;39,49;227,53
10534;LEHMS;8;2;27,94;Alemania;5,87;33,81
10535;ANTON;4;1;15,64;Mexico;3,28;18,92
10536;LEHMS;3;2;58,88;Alemania;12,36;71,24000000000001
10537;RICSU;1;1;78,85;Suiza;16,56;95,41
10538;BSBEV;9;3;4,87;Reino Unido;1,02;5,890000000000001
10539;BSBEV;6;3;12,36;Reino Unido;2,6;14,959999999999999
10540;QUICK;3;3;1007,64;Alemania;211,6;1219,24
10541;HANAR;2;1;68,65;Brasil;14,42;83,07000000000001
10542;KOENE;1;3;10,95;Alemania;2,3;13,25
10543;LILAS;8;2;48,17;Venezuela;10,12;58,29
10544;LONEP;4;1;24,91;Estados Unidos;5,23;30,14
10545;LAZYK;8;2;11,92;Estados Unidos;2,5;14,42
10546;VICTE;1;3;194,72;Francia;40,89;235,61
10547;SEVES;3;2;178,43;Reino Unido;37,47;215,9
10548;TOMSP;3;2;1,43;Alemania;0,3;1,73
10549;QUICK;5;1;171,24;Alemania;35,96;207,20000000000002
10550;GODOS;7;3;4,32;Espanya;0,91;5,23
10551;FURIB;4;3;72,95;Portugal;15,32;88,27000000000001
10552;HILAA;2;1;83,22;Venezuela;17,48;100,7
10553;WARTH;2;2;149,49;Finlandia;31,39;180,88
10554;OTTIK;4;3;120,97;Alemania;25,4;146,37
10555;SAVEA;6;3;252,49;Estados Unidos;53,02;305,51
10556;SIMOB;2;1;9,8;Dinamarca;2,06;11,860000000000001
10557;LEHMS;9;2;96,72;Alemania;20,31;117,03
10558;AROUT;1;2;72,97;Reino Unido;15,32;88,28999999999999
10559;BLONP;6;1;8,05;Francia;1,69;9,74
10560;FRANK;8;1;36,65;Alemania;7,7;44,35
10561;FOLKO;2;2;242,21;Suecia;50,86;293,07
10562;REGGC;1;1;22,95;Italia;4,82;27,77
10563;RICAR;2;2;60,43;Brasil;12,69;73,12
10564;RATTC;4;3;13,75;Estados Unidos;2,89;16,64
10565;MEREP;8;2;7,15;Canada;1,5;8,65
10566;BLONP;9;1;88,4;Francia;18,56;106,96000000000001
10567;HUNGO;1;1;33,97;Irlanda;7,13;41,1
10568;GALED;3;3;6,54;Espanya;1,37;7,91
10569;RATTC;5;1;58,98;Estados Unidos;12,39;71,37
10570;MEREP;3;3;188,99;Canada;39,69;228,68
10571;ERNSH;8;3;26,06;Austria;5,47;31,529999999999998
10572;BERGS;3;2;116,43;Suecia;24,45;140,88
10573;ANTON;7;3;84,84;Mexico;17,82;102,66
10574;TRAIH;4;2;37,6;Estados Unidos;7,9;45,5
10575;MORGK;5;1;127,34;Alemania;26,74;154,08
10576;TORTU;3;3;18,56;Mexico;3,9;22,459999999999997
10577;TRAIH;9;2;25,41;Estados Unidos;5,34;30,75
10578;BSBEV;4;3;29,6;Reino Unido;6,22;35,82
10579;LETSS;1;2;13,73;Estados Unidos;2,88;16,61
10580;OTTIK;4;3;75,89;Alemania;15,94;91,83
10581;FAMIA;3;1;3,01;Brasil;0,63;3,6399999999999997
10582;BLAUS;3;2;27,71;Alemania;5,82;33,53
10583;WARTH;2;2;7,28;Finlandia;1,53;8,81
10584;BLONP;4;1;59,14;Francia;12,42;71,56
10585;WELLI;7;1;13,41;Brasil;2,82;16,23
10586;REGGC;9;1;0,48;Italia;0,1;0,58
10587;QUEDE;1;1;62,52;Brasil;13,13;75,65
10588;QUICK;2;3;194,67;Alemania;40,88;235,54999999999998
10589;GREAL;8;2;4,42;Estados Unidos;0,93;5,35
10590;MEREP;4;3;44,77;Canada;9,4;54,17
10591;VAFFE;1;1;55,92;Dinamarca;11,74;67,66
10592;LEHMS;3;1;32,1;Alemania;6,74;38,84
10593;LEHMS;7;2;174,2;Alemania;36,58;210,77999999999997
10594;OLDWO;3;2;5,24;Estados Unidos;1,1;6,34
10595;ERNSH;2;1;96,78;Austria;20,32;117,1
10596;WHITC;8;1;16,34;Estados Unidos;3,43;19,77
10597;PICCO;7;3;35,12;Austria;7,38;42,5
10598;RATTC;1;3;44,42;Estados Unidos;9,33;53,75
10599;BSBEV;6;3;29,98;Reino Unido;6,3;36,28
10600;HUNGC;4;1;45,13;Estados Unidos;9,48;54,61
10601;HILAA;7;1;58,3;Venezuela;12,24;70,53999999999999
10602;VAFFE;8;2;2,92;Dinamarca;0,61;3,53
10603;SAVEA;8;2;48,77;Estados Unidos;10,24;59,010000000000005
10604;FURIB;1;1;7,46;Portugal;1,57;9,03
10605;MEREP;1;2;379,13;Canada;79,62;458,75
10606;TRADH;4;3;79,4;Brasil;16,67;96,07000000000001
10607;SAVEA;5;1;200,24;Estados Unidos;42,05;242,29000000000002
10608;TOMSP;4;2;27,79;Alemania;5,84;33,629999999999995
10609;DUMON;7;2;1,85;Francia;0,39;2,24
10610;LAMAI;8;1;26,78;Francia;5,62;32,4
10611;WOLZA;6;2;80,65;Polonia;16,94;97,59
10612;SAVEA;1;2;544,08;Estados Unidos;114,26;658,34
10613;HILAA;4;2;8,11;Venezuela;1,7;9,809999999999999
10614;BLAUS;8;3;1,93;Alemania;0,41;2,34
10615;WILMK;2;3;0,75;Finlandia;0,16;0,91
10616;GREAL;1;2;116,53;Estados Unidos;24,47;141,0
10617;GREAL;4;2;18,53;Estados Unidos;3,89;22,42
10618;MEREP;1;1;154,68;Canada;32,48;187,16
10619;MEREP;3;3;91,05;Canada;19,12;110,17
10620;LAUGB;2;3;0,94;Canada;0,2;1,14
10621;ISLAT;4;2;23,73;Reino Unido;4,98;28,71
10622;RICAR;4;3;50,97;Brasil;10,7;61,67
10623;FRANK;8;2;97,18;Alemania;20,41;117,59
10624;THECR;4;2;94,8;Estados Unidos;19,91;114,71
10625;ANATR;3;1;43,9;Mexico;9,22;53,12
10626;BERGS;1;2;138,69;Suecia;29,12;167,81
10627;SAVEA;8;3;107,46;Estados Unidos;22,57;130,03
10628;BLONP;4;3;30,36;Francia;6,38;36,74
10629;GODOS;4;3;85,46;Espanya;17,95;103,41
10630;KOENE;1;2;32,35;Alemania;6,79;39,14
10631;LAMAI;8;1;0,87;Francia;0,18;1,05
10632;WANDK;8;1;41,38;Alemania;8,69;50,07
10633;ERNSH;7;3;477,9;Austria;100,36;578,26
10634;FOLIG;4;3;487,38;Francia;102,35;589,73
10635;MAGAA;8;3;47,46;Italia;9,97;57,43
10636;WARTH;4;1;1,15;Finlandia;0,24;1,39
10637;QUEEN;6;1;201,29;Brasil;42,27;243,56
10638;LINOD;3;1;158,44;Venezuela;33,27;191,71
10639;SANTG;7;3;38,64;Noruega;8,11;46,75
10640;WANDK;4;1;23,55;Alemania;4,95;28,5
10641;HILAA;4;2;179,61;Venezuela;37,72;217,33
10642;SIMOB;7;3;41,89;Dinamarca;8,8;50,69
10643;ALFKI;6;2;29,46;Alemania;6,19;35,65
10644;WELLI;3;2;0,14;Brasil;0,03;0,17
10645;HANAR;4;1;12,41;Brasil;2,61;15,02
10646;HUNGO;9;3;142,33;Irlanda;29,89;172,22000000000003
10647;QUEDE;4;2;45,54;Brasil;9,56;55,1
10648;RICAR;5;2;14,25;Brasil;2,99;17,240000000000002
10649;MAISD;5;3;6,2;Belgica;1,3;7,5
10650;FAMIA;5;3;176,81;Brasil;37,13;213,94
10651;WANDK;8;2;20,6;Alemania;4,33;24,93
10652;GOURL;4;2;7,14;Brasil;1,5;8,64
10653;FRANK;1;1;93,25;Alemania;19,58;112,83
10654;BERGS;5;1;55,26;Suecia;11,6;66,86
10655;REGGC;1;2;4,41;Italia;0,93;5,34
10656;GREAL;6;1;57,15;Estados Unidos;12,0;69,15
10657;SAVEA;2;2;352,69;Estados Unidos;74,06;426,75
10658;QUICK;4;1;364,15;Alemania;76,47;440,62
10659;QUEEN;7;2;105,81;Brasil;22,22;128,03
10660;HUNGC;8;1;111,29;Estados Unidos;23,37;134,66
10661;HUNGO;7;3;17,55;Irlanda;3,69;21,240000000000002
10662;LONEP;3;2;1,28;Estados Unidos;0,27;1,55
10663;BONAP;2;2;113,15;Francia;23,76;136,91
10664;FURIB;1;3;1,27;Portugal;0,27;1,54
10665;LONEP;1;2;26,31;Estados Unidos;5,53;31,84
10666;RICSU;7;2;232,42;Suiza;48,81;281,23
10667;ERNSH;7;1;78,09;Austria;16,4;94,49000000000001
10668;WANDK;1;2;47,22;Alemania;9,92;57,14
10669;SIMOB;2;1;24,39;Dinamarca;5,12;29,51
10670;FRANK;4;1;203,48;Alemania;42,73;246,20999999999998
10671;FRANR;1;1;30,34;Francia;6,37;36,71
10672;BERGS;9;2;95,75;Suecia;20,11;115,86
10673;WILMK;2;1;22,76;Finlandia;4,78;27,540000000000003
10674;ISLAT;4;2;0,9;Reino Unido;0,19;1,09
10675;FRANK;5;2;31,85;Alemania;6,69;38,54
10676;TORTU;2;2;2,01;Mexico;0,42;2,4299999999999997
10677;ANTON;1;3;4,03;Mexico;0,85;4,88
10678;SAVEA;7;3;388,98;Estados Unidos;81,69;470,67
10679;BLONP;8;3;27,94;Francia;5,87;33,81
10680;OLDWO;1;1;26,61;Estados Unidos;5,59;32,2
10681;GREAL;3;3;76,13;Estados Unidos;15,99;92,11999999999999
10682;ANTON;3;2;36,13;Mexico;7,59;43,72
10683;DUMON;2;1;4,4;Francia;0,92;5,32
10684;OTTIK;3;1;145,63;Alemania;30,58;176,20999999999998
10685;GOURL;4;2;33,75;Brasil;7,09;40,84
10686;PICCO;2;1;96,5;Austria;20,26;116,76
10687;HUNGO;9;2;296,43;Irlanda;62,25;358,68
10688;VAFFE;4;2;299,09;Dinamarca;62,81;361,9
10689;BERGS;1;2;13,42;Suecia;2,82;16,24
10690;HANAR;1;1;15,8;Brasil;3,32;19,12
10691;QUICK;2;2;810,05;Alemania;170,11;980,16
10692;ALFKI;4;2;61,02;Alemania;12,81;73,83
10693;WHITC;3;3;139,34;Estados Unidos;29,26;168,6
10694;QUICK;8;3;398,36;Alemania;83,66;482,02
10695;WILMK;7;1;16,72;Finlandia;3,51;20,229999999999997
10696;WHITC;8;3;102,55;Estados Unidos;21,54;124,09
10697;LINOD;3;1;45,52;Venezuela;9,56;55,080000000000005
10698;ERNSH;4;1;272,47;Austria;57,22;329,69000000000005
10699;MORGK;3;3;0,58;Alemania;0,12;0,7
10700;SAVEA;3;1;65,1;Estados Unidos;13,67;78,77
10701;HUNGO;6;3;220,31;Irlanda;46,27;266,58
10702;ALFKI;4;1;23,94;Alemania;5,03;28,970000000000002
10703;FOLKO;6;2;152,3;Suecia;31,98;184,28
10704;QUEEN;6;1;4,78;Brasil;1,0;5,78
10705;HILAA;9;2;3,52;Venezuela;0,74;4,26
10706;OLDWO;8;3;135,63;Estados Unidos;28,48;164,10999999999999
10707;AROUT;4;3;21,74;Reino Unido;4,57;26,31
10708;THEBI;6;2;2,96;Estados Unidos;0,62;3,58
10709;GOURL;1;3;210,8;Brasil;44,27;255,07000000000002
10710;FRANS;1;1;4,98;Italia;1,05;6,03
10711;SAVEA;5;2;52,41;Estados Unidos;11,01;63,419999999999995
10712;HUNGO;3;1;89,93;Irlanda;18,89;108,82000000000001
10713;SAVEA;1;1;167,05;Estados Unidos;35,08;202,13
10714;SAVEA;5;3;24,49;Estados Unidos;5,14;29,63
10715;BONAP;3;1;63,2;Francia;13,27;76,47
10716;RANCH;4;2;22,57;Argentina;4,74;27,310000000000002
10717;FRANK;1;2;59,25;Alemania;12,44;71,69
10718;KOENE;1;3;170,88;Alemania;35,88;206,76
10719;LETSS;8;2;51,44;Estados Unidos;10,8;62,239999999999995
10720;QUEDE;8;2;9,53;Brasil;2,0;11,53
10721;QUICK;5;3;48,92;Alemania;10,27;59,19
10722;SAVEA;8;1;74,58;Estados Unidos;15,66;90,24
10723;WHITC;3;1;21,72;Estados Unidos;4,56;26,279999999999998
10724;MEREP;8;2;57,75;Canada;12,13;69,88
10725;FAMIA;4;3;10,83;Brasil;2,27;13,1
10726;EASTC;4;1;16,56;Reino Unido;3,48;20,04
10727;REGGC;2;1;89,9;Italia;18,88;108,78
10728;QUEEN;4;2;58,33;Brasil;12,25;70,58
10729;LINOD;8;3;141,06;Venezuela;29,62;170,68
10730;BONAP;5;1;20,12;Francia;4,23;24,35
10731;CHOPS;7;1;96,65;Suiza;20,3;116,95
10732;BONAP;3;1;16,97;Francia;3,56;20,529999999999998
10733;BERGS;1;3;110,11;Suecia;23,12;133,23
10734;GOURL;2;3;1,63;Brasil;0,34;1,97
10735;LETSS;6;2;45,97;Estados Unidos;9,65;55,62
10736;HUNGO;9;2;44,1;Irlanda;9,26;53,36
10737;VINET;2;2;7,79;Francia;1,64;9,43
10738;SPECD;2;1;2,91;Francia;0,61;3,52
10739;VINET;3;3;11,08;Francia;2,33;13,41
10740;WHITC;4;2;81,88;Estados Unidos;17,19;99,07
10741;BERGS;4;3;10,96;Suecia;2,3;13,260000000000002
10742;BOTTM;3;3;243,73;Canada;51,18;294,90999999999997
10743;AROUT;1;2;23,72;Reino Unido;4,98;28,7
10744;VAFFE;6;1;69,19;Dinamarca;14,53;83,72
10745;QUICK;9;1;3,52;Alemania;0,74;4,26
10746;CHOPS;1;3;31,43;Suiza;6,6;38,03
10747;PICCO;6;1;117,33;Austria;24,64;141,97
10748;SAVEA;3;1;232,55;Estados Unidos;48,84;281,39
10749;ISLAT;4;2;61,53;Reino Unido;12,92;74,45
10750;WARTH;9;1;79,3;Finlandia;16,65;95,94999999999999
10751;RICSU;3;3;130,79;Suiza;27,47;158,26
10752;NORTS;2;3;1,39;Reino Unido;0,29;1,68
10753;FRANS;3;1;7,7;Italia;1,62;9,32
10754;MAGAA;6;3;2,38;Italia;0,5;2,88
10755;BONAP;4;2;16,71;Francia;3,51;20,22
10756;SPLIR;8;2;73,21;Estados Unidos;15,37;88,58
10757;SAVEA;6;1;8,19;Estados Unidos;1,72;9,91
10758;RICSU;3;3;138,17;Suiza;29,02;167,19
10759;ANATR;3;3;11,99;Mexico;2,52;14,51
10760;MAISD;4;1;155,64;Belgica;32,68;188,32
10761;RATTC;5;2;18,66;Estados Unidos;3,92;22,58
10762;FOLKO;3;1;328,74;Suecia;69,04;397,78000000000003
10763;FOLIG;3;3;37,35;Francia;7,84;45,19
10764;ERNSH;6;3;145,45;Austria;30,54;175,98999999999998
10765;QUICK;3;3;42,74;Alemania;8,98;51,72
10766;OTTIK;4;1;157,55;Alemania;33,09;190,64000000000001
10767;SUPRD;4;3;1,59;Belgica;0,33;1,9200000000000002
10768;AROUT;3;2;146,32;Reino Unido;30,73;177,04999999999998
10769;VAFFE;3;1;65,06;Dinamarca;13,66;78,72
10770;HANAR;8;3;5,32;Brasil;1,12;6,44
10771;ERNSH;9;2;11,19;Austria;2,35;13,54
10772;LEHMS;3;2;91,28;Alemania;19,17;110,45
10773;ERNSH;1;3;96,43;Austria;20,25;116,68
10774;FOLKO;4;1;48,2;Suecia;10,12;58,32
10775;THECR;7;1;20,25;Estados Unidos;4,25;24,5
10776;ERNSH;1;3;351,53;Austria;73,82;425,34999999999997
10777;GOURL;7;2;3,01;Brasil;0,63;3,6399999999999997
10778;BERGS;3;1;6,79;Suecia;1,43;8,22
10779;MORGK;3;2;58,13;Alemania;12,21;70,34
10780;LILAS;2;1;42,13;Venezuela;8,85;50,980000000000004
10781;WARTH;2;3;73,16;Finlandia;15,36;88,52
10782;CACTU;9;3;1,1;Argentina;0,23;1,33
10783;HANAR;4;2;124,98;Brasil;26,25;151,23000000000002
10784;MAGAA;4;3;70,09;Italia;14,72;84,81
10785;GROSR;1;3;1,51;Venezuela;0,32;1,83
10786;QUEEN;8;1;110,87;Brasil;23,28;134,15
10787;LAMAI;2;1;249,93;Francia;52,49;302,42
10788;QUICK;1;2;42,7;Alemania;8,97;51,67
10789;FOLIG;1;2;100,6;Francia;21,13;121,72999999999999
10790;GOURL;6;1;28,23;Brasil;5,93;34,16
10791;FRANK;6;2;16,85;Alemania;3,54;20,39
10792;WOLZA;1;3;23,79;Polonia;5,0;28,79
10793;AROUT;3;3;4,52;Reino Unido;0,95;5,47
10794;QUEDE;6;1;21,49;Brasil;4,51;26,0
10795;ERNSH;8;2;126,66;Austria;26,6;153,26
10796;HILAA;3;1;26,52;Venezuela;5,57;32,09
10797;DRACD;7;2;33,35;Alemania;7,0;40,35
10798;ISLAT;2;1;2,33;Reino Unido;0,49;2,8200000000000003
10799;KOENE;9;3;30,76;Alemania;6,46;37,22
10800;SEVES;1;3;137,44;Reino Unido;28,86;166,3
10801;BOLID;4;2;97,09;Espanya;20,39;117,48
10802;SIMOB;4;2;257,26;Dinamarca;54,02;311,28
10803;WELLI;4;1;55,23;Brasil;11,6;66,83
10804;SEVES;6;2;27,33;Reino Unido;5,74;33,07
10805;THEBI;2;3;237,34;Estados Unidos;49,84;287,18
10806;VICTE;3;2;22,11;Francia;4,64;26,75
10807;FRANS;4;1;1,36;Italia;0,29;1,6500000000000001
10808;OLDWO;2;3;45,53;Estados Unidos;9,56;55,09
10809;WELLI;7;1;4,87;Brasil;1,02;5,890000000000001
10810;LAUGB;2;3;4,33;Canada;0,91;5,24
10811;LINOD;8;1;31,22;Venezuela;6,56;37,78
10812;REGGC;5;1;59,78;Italia;12,55;72,33
10813;RICAR;1;1;47,38;Brasil;9,95;57,33
10814;VICTE;3;3;130,94;Francia;27,5;158,44
10815;SAVEA;2;3;14,62;Estados Unidos;3,07;17,689999999999998
10816;GREAL;4;2;719,78;Estados Unidos;151,15;870,93
10817;KOENE;3;2;306,07;Alemania;64,27;370,34
10818;MAGAA;7;3;65,48;Italia;13,75;79,23
10819;CACTU;2;3;19,76;Argentina;4,15;23,910000000000004
10820;RATTC;3;2;37,52;Estados Unidos;7,88;45,400000000000006
10821;SPLIR;1;1;36,68;Estados Unidos;7,7;44,38
10822;TRAIH;6;3;7,0;Estados Unidos;1,47;8,47
10823;LILAS;5;2;163,97;Venezuela;34,43;198,4
10824;FOLKO;8;1;1,23;Suecia;0,26;1,49
10825;DRACD;1;1;79,25;Alemania;16,64;95,89
10826;BLONP;6;1;7,09;Francia;1,49;8,58
10827;BONAP;1;2;63,54;Francia;13,34;76,88
10828;RANCH;9;1;90,85;Argentina;19,08;109,92999999999999
10829;ISLAT;9;1;154,72;Reino Unido;32,49;187,21
10830;TRADH;4;2;81,83;Brasil;17,18;99,00999999999999
10831;SANTG;3;2;72,19;Noruega;15,16;87,35
10832;LAMAI;2;2;43,26;Francia;9,08;52,339999999999996
10833;OTTIK;6;2;71,49;Alemania;15,01;86,5
10834;TRADH;1;3;29,78;Brasil;6,25;36,03
10835;ALFKI;1;3;69,53;Alemania;14,6;84,13
10836;ERNSH;7;1;411,88;Austria;86,49;498,37
10837;BERGS;9;3;13,32;Suecia;2,8;16,12
10838;LINOD;3;3;59,28;Venezuela;12,45;71,73
10839;TRADH;3;3;35,43;Brasil;7,44;42,87
10840;LINOD;4;2;2,71;Venezuela;0,57;3,28
10841;SUPRD;5;2;424,3;Belgica;89,1;513,4
10842;TORTU;1;3;54,42;Mexico;11,43;65,85
10843;VICTE;4;2;9,26;Francia;1,94;11,2
10844;PICCO;8;2;25,22;Austria;5,3;30,52
10845;QUICK;8;1;212,98;Alemania;44,73;257,71
10846;SUPRD;2;3;56,46;Belgica;11,86;68,32
10847;SAVEA;4;3;487,57;Estados Unidos;102,39;589,96
10848;CONSH;7;2;38,24;Reino Unido;8,03;46,27
10849;KOENE;9;2;0,56;Alemania;0,12;0,68
10850;VICTE;1;1;49,19;Francia;10,33;59,519999999999996
10851;RICAR;5;1;160,55;Brasil;33,72;194,27
10852;RATTC;8;1;174,05;Estados Unidos;36,55;210,60000000000002
10853;BLAUS;9;2;53,83;Alemania;11,3;65,13
10854;ERNSH;3;2;100,22;Austria;21,05;121,27
10855;OLDWO;3;1;170,97;Estados Unidos;35,9;206,87
10856;ANTON;3;2;58,43;Mexico;12,27;70,7
10857;BERGS;8;2;188,85;Suecia;39,66;228,51
10858;LACOR;2;1;52,51;Francia;11,03;63,54
10859;FRANK;1;2;76,1;Alemania;15,98;92,08
10860;FRANR;3;3;19,26;Francia;4,04;23,3
10861;WHITC;4;2;14,93;Estados Unidos;3,14;18,07
10862;LEHMS;8;2;53,23;Alemania;11,18;64,41
10863;HILAA;4;2;30,26;Venezuela;6,35;36,61
10864;AROUT;4;2;3,04;Reino Unido;0,64;3,68
10865;QUICK;2;1;348,14;Alemania;73,11;421,25
10866;BERGS;5;1;109,11;Suecia;22,91;132,02
10867;LONEP;6;1;1,93;Estados Unidos;0,41;2,34
10868;QUEEN;7;2;191,27;Brasil;40,17;231,44
10869;SEVES;5;1;143,28;Reino Unido;30,09;173,37
10870;WHITC;5;3;12,04;Estados Unidos;2,53;14,569999999999999
10871;BONAP;9;2;112,27;Francia;23,58;135,85
10872;GODOS;5;2;175,32;Espanya;36,82;212,14
10873;WILMK;4;1;0,82;Finlandia;0,17;0,99
10874;GODOS;5;2;19,58;Espanya;4,11;23,689999999999998
10875;BERGS;4;2;32,37;Suecia;6,8;39,169999999999995
10876;BONAP;7;3;60,42;Francia;12,69;73,11
10877;RICAR;1;1;38,06;Brasil;7,99;46,050000000000004
10878;QUICK;4;1;46,69;Alemania;9,8;56,489999999999995
10879;WILMK;3;3;8,5;Finlandia;1,78;10,28
10880;FOLKO;7;1;88,01;Suecia;18,48;106,49000000000001
10881;CACTU;4;1;2,84;Argentina;0,6;3,44
10882;SAVEA;4;3;23,1;Estados Unidos;4,85;27,950000000000003
10883;LONEP;8;3;0,53;Estados Unidos;0,11;0,64
10884;LETSS;4;2;90,97;Estados Unidos;19,1;110,07
10885;SUPRD;6;3;5,64;Belgica;1,18;6,819999999999999
10886;HANAR;1;1;4,99;Brasil;1,05;6,04
10887;GALED;8;3;1,25;Espanya;0,26;1,51
10888;GODOS;1;2;51,87;Espanya;10,89;62,76
10889;RATTC;9;3;280,61;Estados Unidos;58,93;339,54
10890;DUMON;7;1;32,76;Francia;6,88;39,64
10891;LEHMS;7;2;20,37;Alemania;4,28;24,650000000000002
10892;MAISD;4;2;120,27;Belgica;25,26;145,53
10893;KOENE;9;2;77,78;Alemania;16,33;94,11
10894;SAVEA;1;1;116,13;Estados Unidos;24,39;140,51999999999998
10895;ERNSH;3;1;162,75;Austria;34,18;196,93
10896;MAISD;7;3;32,45;Belgica;6,81;39,260000000000005
10897;HUNGO;3;2;603,54;Irlanda;126,74;730,28
10898;OCEAN;4;2;1,27;Argentina;0,27;1,54
10899;LILAS;5;3;1,21;Venezuela;0,25;1,46
10900;WELLI;1;2;1,66;Brasil;0,35;2,01
10901;HILAA;4;1;62,09;Venezuela;13,04;75,13
10902;FOLKO;1;1;44,15;Suecia;9,27;53,42
10903;HANAR;3;3;36,71;Brasil;7,71;44,42
10904;WHITC;3;3;162,95;Estados Unidos;34,22;197,17
10905;WELLI;9;2;13,72;Brasil;2,88;16,6
10906;WOLZA;4;3;26,29;Polonia;5,52;31,81
10907;SPECD;6;3;9,19;Francia;1,93;11,12
10908;REGGC;4;2;32,96;Italia;6,92;39,88
10909;SANTG;1;2;53,05;Noruega;11,14;64,19
10910;WILMK;1;3;38,11;Finlandia;8,0;46,11
10911;GODOS;3;1;38,19;Espanya;8,02;46,209999999999994
10912;HUNGO;2;2;580,91;Irlanda;121,99;702,9
10913;QUEEN;4;1;33,05;Brasil;6,94;39,989999999999995
10914;QUEEN;6;1;21,19;Brasil;4,45;25,64
10915;TORTU;2;2;3,51;Mexico;0,74;4,25
10916;RANCH;1;2;63,77;Argentina;13,39;77,16
10917;ROMEY;4;2;8,29;Espanya;1,74;10,03
10918;BOTTM;3;3;48,83;Canada;10,25;59,08
10919;LINOD;2;2;19,8;Venezuela;4,16;23,96
10920;AROUT;4;2;29,61;Reino Unido;6,22;35,83
10921;VAFFE;1;1;176,48;Dinamarca;37,06;213,54
10922;HANAR;5;3;62,74;Brasil;13,18;75,92
10923;LAMAI;7;3;68,26;Francia;14,33;82,59
10924;BERGS;3;2;151,52;Suecia;31,82;183,34
10925;HANAR;3;1;2,27;Brasil;0,48;2,75
10926;ANATR;4;3;39,92;Mexico;8,38;48,300000000000004
10927;LACOR;4;1;19,79;Francia;4,16;23,95
10928;GALED;1;1;1,36;Espanya;0,29;1,6500000000000001
10929;FRANK;6;1;33,93;Alemania;7,13;41,06
10930;SUPRD;4;3;15,55;Belgica;3,27;18,82
10931;RICSU;4;2;13,6;Suiza;2,86;16,46
10932;BONAP;8;1;134,64;Francia;28,27;162,91
10933;ISLAT;6;3;54,15;Reino Unido;11,37;65,52
10934;LEHMS;3;3;32,01;Alemania;6,72;38,73
10935;WELLI;4;3;47,59;Brasil;9,99;57,580000000000005
10936;GREAL;3;2;33,68;Estados Unidos;7,07;40,75
10937;CACTU;7;3;31,51;Argentina;6,62;38,13
10938;QUICK;3;2;31,89;Alemania;6,7;38,59
10939;MAGAA;2;2;76,33;Italia;16,03;92,36
10940;BONAP;8;3;19,77;Francia;4,15;23,92
10941;SAVEA;7;2;400,81;Estados Unidos;84,17;484,98
10942;REGGC;9;3;17,95;Italia;3,77;21,72
10943;BSBEV;4;2;2,17;Reino Unido;0,46;2,63
10944;BOTTM;6;3;52,92;Canada;11,11;64,03
10945;MORGK;4;1;10,22;Alemania;2,15;12,370000000000001
10946;VAFFE;1;2;27,2;Dinamarca;5,71;32,91
10947;BSBEV;3;2;3,26;Reino Unido;0,68;3,94
10948;GODOS;3;3;23,39;Espanya;4,91;28,3
10949;BOTTM;2;3;74,44;Canada;15,63;90,07
10950;MAGAA;1;2;2,5;Italia;0,52;3,02
10951;RICSU;9;2;30,85;Suiza;6,48;37,33
10952;ALFKI;1;1;40,42;Alemania;8,49;48,910000000000004
10953;AROUT;9;2;23,72;Reino Unido;4,98;28,7
10954;LINOD;5;1;27,91;Venezuela;5,86;33,77
10955;FOLKO;8;2;3,26;Suecia;0,68;3,94
10956;BLAUS;6;2;44,65;Alemania;9,38;54,03
10957;HILAA;8;3;105,36;Venezuela;22,13;127,49
10958;OCEAN;7;2;49,56;Argentina;10,41;59,97
10959;GOURL;6;2;4,98;Brasil;1,05;6,03
10960;HILAA;3;1;2,08;Venezuela;0,44;2,52
10961;QUEEN;8;1;104,47;Brasil;21,94;126,41
10962;QUICK;8;2;275,79;Alemania;57,92;333,71000000000004
10963;FURIB;9;3;2,7;Portugal;0,57;3,27
10964;SPECD;3;2;87,38;Francia;18,35;105,72999999999999
10965;OLDWO;6;3;144,38;Estados Unidos;30,32;174,7
10966;CHOPS;4;1;27,19;Suiza;5,71;32,9
10967;TOMSP;2;2;62,22;Alemania;13,07;75,28999999999999
10968;ERNSH;1;3;74,6;Austria;15,67;90,27
10969;COMMI;1;2;0,21;Brasil;0,04;0,25
10970;BOLID;9;1;16,16;Espanya;3,39;19,55
10971;FRANR;2;2;121,82;Francia;25,58;147,39999999999998
10972;LACOR;4;2;0,02;Francia;0,0;0,02
10973;LACOR;6;2;15,17;Francia;3,19;18,36
10974;SPLIR;3;3;12,96;Estados Unidos;2,72;15,680000000000001
10975;BOTTM;1;3;32,27;Canada;6,78;39,050000000000004
10976;HILAA;1;1;37,97;Venezuela;7,97;45,94
10977;FOLKO;8;3;208,5;Suecia;43,78;252,28
10978;MAISD;9;2;32,82;Belgica;6,89;39,71
10979;ERNSH;8;2;353,07;Austria;74,14;427,21
10980;FOLKO;4;1;1,26;Suecia;0,26;1,52
10981;HANAR;1;2;193,37;Brasil;40,61;233,98000000000002
10982;BOTTM;2;1;14,01;Canada;2,94;16,95
10983;SAVEA;2;2;657,54;Estados Unidos;138,08;795,62
10984;SAVEA;1;3;211,22;Estados Unidos;44,36;255,57999999999998
10985;HUNGO;2;1;91,51;Irlanda;19,22;110,73
10986;OCEAN;8;2;217,86;Argentina;45,75;263,61
10987;EASTC;8;1;185,48;Reino Unido;38,95;224,43
10988;RATTC;3;2;61,14;Estados Unidos;12,84;73,98
10989;QUEDE;2;1;34,76;Brasil;7,3;42,059999999999995
10990;ERNSH;2;3;117,61;Austria;24,7;142,31
10991;QUICK;1;1;38,51;Alemania;8,09;46,599999999999994
10992;THEBI;1;3;4,27;Estados Unidos;0,9;5,17
10993;FOLKO;7;3;8,81;Suecia;1,85;10,66
10994;VAFFE;2;3;65,53;Dinamarca;13,76;79,29
10995;PERIC;1;3;46,0;Mexico;9,66;55,66
10996;QUICK;4;2;1,12;Alemania;0,24;1,36
10997;LILAS;8;2;73,91;Venezuela;15,52;89,42999999999999
10998;WOLZA;8;2;20,31;Polonia;4,27;24,58
10999;OTTIK;6;2;96,35;Alemania;20,23;116,58
11000;RATTC;2;3;55,12;Estados Unidos;11,58;66,7
11001;FOLKO;2;2;197,3;Suecia;41,43;238,73000000000002
11002;SAVEA;4;1;141,16;Estados Unidos;29,64;170,8
11003;THECR;3;3;14,91;Estados Unidos;3,13;18,04
11004;MAISD;3;1;44,84;Belgica;9,42;54,260000000000005
11005;WILMK;2;1;0,75;Finlandia;0,16;0,91
11006;GREAL;3;2;25,19;Estados Unidos;5,29;30,48
11007;PRINI;8;2;202,24;Portugal;42,47;244,71
11008;ERNSH;7;3;79,46;Austria;16,69;96,14999999999999
11009;GODOS;2;1;59,11;Espanya;12,41;71,52
11010;REGGC;2;2;28,71;Italia;6,03;34,74
11011;ALFKI;3;1;1,21;Alemania;0,25;1,46
11012;FRANK;1;3;242,95;Alemania;51,02;293,96999999999997
11013;ROMEY;2;1;32,99;Espanya;6,93;39,92
11014;LINOD;2;3;23,6;Venezuela;4,96;28,560000000000002
11015;SANTG;2;2;4,62;Noruega;0,97;5,59
11016;AROUT;9;2;33,8;Reino Unido;7,1;40,9
11017;ERNSH;9;2;754,26;Austria;158,39;912,65
11018;LONEP;4;2;11,65;Estados Unidos;2,45;14,100000000000001
11019;RANCH;6;3;3,17;Argentina;0,67;3,84
11020;OTTIK;2;2;43,3;Alemania;9,09;52,39
11021;QUICK;3;1;297,18;Alemania;62,41;359,59000000000003
11022;HANAR;9;2;6,27;Brasil;1,32;7,59
11023;BSBEV;1;2;123,83;Reino Unido;26,0;149,82999999999998
11024;EASTC;4;1;74,36;Reino Unido;15,62;89,98
11025;WARTH;6;3;29,17;Finlandia;6,13;35,300000000000004
11026;FRANS;4;1;47,09;Italia;9,89;56,980000000000004
11027;BOTTM;1;1;52,52;Canada;11,03;63,550000000000004
11028;KOENE;2;1;29,59;Alemania;6,21;35,8
11029;CHOPS;4;1;47,84;Suiza;10,05;57,89
11030;SAVEA;7;2;830,75;Estados Unidos;174,46;1005,21
11031;SAVEA;6;2;227,22;Estados Unidos;47,72;274,94
11032;WHITC;2;3;606,19;Estados Unidos;127,3;733,49
11033;RICSU;7;3;84,74;Suiza;17,8;102,53999999999999
11034;OLDWO;8;1;40,32;Estados Unidos;8,47;48,79
11035;SUPRD;2;2;0,17;Belgica;0,04;0,21000000000000002
11036;DRACD;8;3;149,47;Alemania;31,39;180,86
11037;GODOS;7;1;3,2;Espanya;0,67;3,87
11038;SUPRD;1;2;29,59;Belgica;6,21;35,8
11039;LINOD;1;2;65,0;Venezuela;13,65;78,65
11040;GREAL;4;3;18,84;Estados Unidos;3,96;22,8
11041;CHOPS;3;2;48,22;Suiza;10,13;58,35
11042;COMMI;2;1;29,99;Brasil;6,3;36,29
11043;SPECD;5;2;8,8;Francia;1,85;10,65
11044;WOLZA;4;1;8,72;Polonia;1,83;10,55
11045;BOTTM;6;2;70,58;Canada;14,82;85,4
11046;WANDK;8;2;71,64;Alemania;15,04;86,68
11047;EASTC;7;3;46,62;Reino Unido;9,79;56,41
11048;BOTTM;7;3;24,12;Canada;5,07;29,19
11049;GOURL;3;1;8,34;Brasil;1,75;10,09
11050;FOLKO;8;2;59,41;Suecia;12,48;71,89
11051;LAMAI;7;3;2,79;Francia;0,59;3,38
11052;HANAR;3;1;67,26;Brasil;14,12;81,38000000000001
11053;PICCO;2;2;53,05;Austria;11,14;64,19
11054;CACTU;8;1;0,33;Argentina;0,07;0,4
11055;HILAA;7;2;120,92;Venezuela;25,39;146,31
11056;EASTC;8;2;278,96;Reino Unido;58,58;337,53999999999996
11057;NORTS;3;3;4,13;Reino Unido;0,87;5,0
11058;BLAUS;9;3;31,14;Alemania;6,54;37,68
11059;RICAR;2;2;85,8;Brasil;18,02;103,82
11060;FRANS;2;2;10,98;Italia;2,31;13,290000000000001
11061;GREAL;4;3;14,01;Estados Unidos;2,94;16,95
11062;REGGC;4;2;29,93;Italia;6,29;36,22
11063;HUNGO;3;2;81,73;Irlanda;17,16;98,89
11064;SAVEA;1;1;30,09;Estados Unidos;6,32;36,41
11065;LILAS;8;1;12,91;Venezuela;2,71;15,620000000000001
11066;WHITC;7;2;44,72;Estados Unidos;9,39;54,11
11067;DRACD;1;2;7,98;Alemania;1,68;9,66
11068;QUEEN;8;2;81,75;Brasil;17,17;98,92
11069;TORTU;1;2;15,67;Mexico;3,29;18,96
11070;LEHMS;2;1;136,0;Alemania;28,56;164,56
11071;LILAS;1;1;0,93;Venezuela;0,2;1,1300000000000001
11072;ERNSH;4;2;258,64;Austria;54,31;312,95
11073;PERIC;2;2;24,95;Mexico;5,24;30,189999999999998
11074;SIMOB;7;2;18,44;Dinamarca;3,87;22,310000000000002
11075;RICSU;8;2;6,19;Suiza;1,3;7,49
11076;BONAP;4;2;38,28;Francia;8,04;46,32
11077;RATTC;1;2;8,53;Estados Unidos;1,79;10,32
